Origin,Destination,Generated Trajectory
353,9,353_1_338_154_174_364_178_180_337_182_186_347_403_243_211_136_9
231,141,231_230_408_419_76_271_388_311_31_267_56_35_152_250_242_356_362_193_185_177_404_195_141
124,90,124_11_125_127_61_325_28_367_286_312_48_316_317_324_340_32_310_387_339_273_386_262_265_334_95_275_216_90
231,185,231_230_408_419_76_271_388_311_31_267_56_35_152_250_242_356_362_193_185
231,195,231_230_408_419_76_271_388_311_31_267_56_35_152_250_242_356_362_193_185_177_404_195
124,272,124_11_125_127_61_325_28_367_286_312_48_316_317_324_340_32_310_387_339_272
353,136,353_1_338_154_174_364_178_180_337_182_186_347_403_243_211_136
231,170,231_230_408_419_76_271_388_311_31_267_56_35_151_85_292_293_294_296_203_190_397_350_237_305_348_143_167_407_157_159_170
1,9,1_338_154_174_364_178_180_337_182_186_347_403_243_211_136_9
151,170,151_85_292_293_294_296_203_190_397_350_237_305_348_143_167_407_157_159_170
